measure_id,measure_name,location_id,location_name,sex_id,sex_name,age_id,age_name,cause_id,cause_name,metric_id,metric_name,year,val,upper,lower
1,Deaths,179,Ethiopia,3,Both,157,25+ years,294,All causes,1,Number,2019,325796.0194590746,355367.1038986429,294158.058145243
1,Deaths,179,Ethiopia,3,Both,157,25+ years,294,All causes,2,Percent,2019,1.0,1.0,1.0
1,Deaths,179,Ethiopia,3,Both,157,25+ years,294,All causes,3,Rate,2019,849.4420322750541,926.5421825612049,766.9529515303572
1,Deaths,179,Ethiopia,3,Both,157,25+ years,409,Non-communicable diseases,1,Number,2019,189098.11358510968,208224.13415110565,169226.87670162853
1,Deaths,179,Ethiopia,3,Both,157,25+ years,409,Non-communicable diseases,2,Percent,2019,0.58045391185073,0.602686107642962,0.5499363922751652
1,Deaths,179,Ethiopia,3,Both,157,25+ years,409,Non-communicable diseases,3,Rate,2019,493.03207009652255,542.8989954379942,441.22215581289095
2,DALYs (Disability-Adjusted Life Years),179,Ethiopia,3,Both,157,25+ years,294,All causes,1,Number,2019,14020314.537332255,15792210.391208049,12360093.039636489
2,DALYs (Disability-Adjusted Life Years),179,Ethiopia,3,Both,157,25+ years,294,All causes,2,Percent,2019,1.0,1.0,1.0
2,DALYs (Disability-Adjusted Life Years),179,Ethiopia,3,Both,157,25+ years,294,All causes,3,Rate,2019,36554.910933228995,41174.742745769174,32226.245637161483
2,DALYs (Disability-Adjusted Life Years),179,Ethiopia,3,Both,157,25+ years,409,Non-communicable diseases,1,Number,2019,8291231.170927508,9574640.209665997,7161648.89123581
2,DALYs (Disability-Adjusted Life Years),179,Ethiopia,3,Both,157,25+ years,409,Non-communicable diseases,2,Percent,2019,0.5910822095912206,0.6170510515005523,0.5617746334936341
2,DALYs (Disability-Adjusted Life Years),179,Ethiopia,3,Both,157,25+ years,409,Non-communicable diseases,3,Rate,2019,21617.576137328033,24963.785166880458,18672.436817098427
